{
    "root_group": {
        "groups": {},
        "checks": {
                "status is 200": {
                    "id": "6210a8cd14cd70477eba5c5e4cb3fb5f",
                    "passes": 29805,
                    "fails": 0,
                    "name": "status is 200",
                    "path": "::status is 200"
                }
            },
        "name": "",
        "path": "",
        "id": "d41d8cd98f00b204e9800998ecf8427e"
    },
    "metrics": {
        "http_req_waiting": {
            "min": 1.469,
            "med": 4.489,
            "max": 786.784,
            "p(90)": 53.457800000000006,
            "p(95)": 105.06779999999988,
            "avg": 20.674542056701945
        },
        "data_received": {
            "count": 9898631,
            "rate": 329928.8521687656
        },
        "http_reqs": {
            "count": 29805,
            "rate": 993.4231752744454
        },
        "http_req_connecting": {
            "p(90)": 0,
            "p(95)": 0,
            "avg": 0.005895420231504774,
            "min": 0,
            "med": 0,
            "max": 8.014
        },
        "http_req_sending": {
            "max": 23.626,
            "p(90)": 0.029,
            "p(95)": 0.036,
            "avg": 0.02153239389363881,
            "min": 0.002,
            "med": 0.011
        },
        "http_req_failed": {
            "passes": 0,
            "fails": 29805,
            "thresholds": {
                "rate<0.001": false
            },
            "value": 0
        },
        "http_req_duration": {
            "med": 4.552,
            "max": 787.158,
            "p(90)": 53.79720000000001,
            "p(95)": 105.30859999999998,
            "avg": 20.797129441368842,
            "min": 1.497
        },
        "http_req_receiving": {
            "p(95)": 0.235,
            "avg": 0.10105499077335685,
            "min": 0.005,
            "med": 0.025,
            "max": 69.826,
            "p(90)": 0.14
        },
        "http_req_duration{expected_response:true}": {
            "avg": 20.797129441368842,
            "min": 1.497,
            "med": 4.552,
            "max": 787.158,
            "p(90)": 53.79720000000001,
            "p(95)": 105.30859999999998
        },
        "iteration_duration": {
            "p(95)": 105.5513413999999,
            "avg": 20.983297037946592,
            "min": 1.576584,
            "med": 4.736084,
            "max": 787.377792,
            "p(90)": 54.22137480000001
        },
        "iterations": {
            "count": 29805,
            "rate": 993.4231752744454
        },
        "vus": {
            "value": 3,
            "min": 2,
            "max": 173
        },
        "http_req_duration{op:debit}": {
            "med": 4.552,
            "max": 787.158,
            "p(90)": 53.79720000000001,
            "p(95)": 105.30859999999998,
            "avg": 20.797129441368842,
            "min": 1.497,
            "thresholds": {
                "p(99)<50": true,
                "p(95)<25": true
            }
        },
        "http_req_tls_handshaking": {
            "max": 0,
            "p(90)": 0,
            "p(95)": 0,
            "avg": 0,
            "min": 0,
            "med": 0
        },
        "dropped_iterations": {
            "count": 196,
            "rate": 6.532828127958104
        },
        "http_req_blocked": {
            "avg": 0.010411474584799412,
            "min": 0,
            "med": 0.002,
            "max": 8.076,
            "p(90)": 0.006,
            "p(95)": 0.008
        },
        "data_sent": {
            "count": 9239550,
            "rate": 307961.18433507805
        },
        "checks": {
            "passes": 29805,
            "fails": 0,
            "value": 1
        },
        "debit_latency_ms": {
            "min": 1.497,
            "med": 4.552,
            "max": 787.158,
            "p(90)": 53.79720000000001,
            "p(95)": 105.30859999999998,
            "avg": 20.797129441368842
        },
        "vus_max": {
            "value": 217,
            "min": 100,
            "max": 217
        },
        "debit_errors": {
            "passes": 0,
            "fails": 29805,
            "value": 0
        }
    }
}