{
    "metrics": {
        "debit_latency_ms": {
            "avg": 2.0060457969468763,
            "min": 1.28,
            "med": 1.756,
            "max": 19.967,
            "p(90)": 2.677,
            "p(95)": 3.158
        },
        "vus_max": {
            "value": 100,
            "min": 100,
            "max": 100
        },
        "http_req_tls_handshaking": {
            "min": 0,
            "med": 0,
            "max": 0,
            "p(90)": 0,
            "p(95)": 0,
            "avg": 0
        },
        "http_reqs": {
            "count": 15001,
            "rate": 500.0213661553034
        },
        "http_req_duration{expected_response:true}": {
            "p(90)": 2.677,
            "p(95)": 3.158,
            "avg": 2.0060457969468763,
            "min": 1.28,
            "med": 1.756,
            "max": 19.967
        },
        "http_req_sending": {
            "avg": 0.010299580027998623,
            "min": 0.004,
            "med": 0.009,
            "max": 0.376,
            "p(90)": 0.015,
            "p(95)": 0.018
        },
        "data_sent": {
            "count": 4650310,
            "rate": 155006.62350814405
        },
        "vus": {
            "value": 1,
            "min": 1,
            "max": 2
        },
        "http_req_waiting": {
            "avg": 1.9650152656489628,
            "min": 1.259,
            "med": 1.721,
            "max": 19.892,
            "p(90)": 2.611,
            "p(95)": 3.084
        },
        "http_req_duration": {
            "avg": 2.0060457969468763,
            "min": 1.28,
            "med": 1.756,
            "max": 19.967,
            "p(90)": 2.677,
            "p(95)": 3.158
        },
        "iterations": {
            "count": 15001,
            "rate": 500.0213661553034
        },
        "http_req_connecting": {
            "avg": 0.002149656689554031,
            "min": 0,
            "med": 0,
            "max": 2.025,
            "p(90)": 0,
            "p(95)": 0
        },
        "checks": {
            "passes": 15001,
            "fails": 0,
            "value": 1
        },
        "data_received": {
            "count": 4982079,
            "rate": 166065.32550320963
        },
        "http_req_failed": {
            "fails": 15001,
            "passes": 0,
            "thresholds": {
                "rate<0.001": false
            },
            "value": 0
        },
        "debit_errors": {
            "passes": 0,
            "fails": 15001,
            "value": 0
        },
        "iteration_duration": {
            "min": 1.368292,
            "med": 1.875708,
            "max": 20.14725,
            "p(90)": 2.836417,
            "p(95)": 3.349833,
            "avg": 2.1322752352509893
        },
        "http_req_duration{op:debit}": {
            "max": 19.967,
            "p(90)": 2.677,
            "p(95)": 3.158,
            "avg": 2.0060457969468763,
            "min": 1.28,
            "med": 1.756,
            "thresholds": {
                "p(99)<50": false,
                "p(95)<25": false
            }
        },
        "http_req_blocked": {
            "max": 2.09,
            "p(90)": 0.003,
            "p(95)": 0.004,
            "avg": 0.00484074395040323,
            "min": 0.001,
            "med": 0.002
        },
        "http_req_receiving": {
            "avg": 0.03073095126991437,
            "min": 0.008,
            "med": 0.02,
            "max": 3.101,
            "p(90)": 0.061,
            "p(95)": 0.091
        }
    },
    "root_group": {
        "path": "",
        "id": "d41d8cd98f00b204e9800998ecf8427e",
        "groups": {},
        "checks": {
                "status is 200": {
                    "id": "6210a8cd14cd70477eba5c5e4cb3fb5f",
                    "passes": 15001,
                    "fails": 0,
                    "name": "status is 200",
                    "path": "::status is 200"
                }
            },
        "name": ""
    }
}